Designator,Footprint,Quantity,Value,LCSC Part #
"ClockOut1, ClockOut2, ClockOut3, ClockOut4, Play1, ResetOut1, ResetOut2, ResetOut3, ResetOut4, Stop1",Jack_3.5mm_QingPu_WQP-PJ398SM_Vertical_CircularHoles,10,AudioJack2_SwitchT,
"D2, D3",D_DO-35_SOD27_P7.62mm_Horizontal,2,1N4148,
H1,MountingHole_3mm,1,MountingHole,
J2,PinSocket_1x10_P2.54mm_Vertical,1,Conn_01x10,
J3,PinSocket_1x08_P2.54mm_Vertical,1,Conn_01x08,
J6,PinHeader_1x04_P2.54mm_Vertical,1,Oled,
J7,PinHeader_1x02_P2.54mm_Vertical,1,Conn_01x02,
"Q1, Q2",TO-92_Inline_Wide,2,2N3906,
"R10, R13",R_Axial_DIN0207_L6.3mm_D2.5mm_P10.16mm_Horizontal,2,1m,
"R11, R12, R14, R9",R_Axial_DIN0207_L6.3mm_D2.5mm_P10.16mm_Horizontal,4,100k,
R15,R_Axial_DIN0207_L6.3mm_D2.5mm_P10.16mm_Horizontal,1,10k,
SW1,RotaryEncoder_Alps_EC12E-Switch_Vertical_H20mm,1,Rotary_Encoder_Switch,
"SW_PLAY1, SW_STOP1",TL2230,2,SW_Push,
