Designator,Footprint,Quantity,Value,LCSC Part #
C1,C_Disc_D5.0mm_W2.5mm_P5.00mm,1,100n,
C2,CP_Radial_D6.3mm_P2.50mm,1,CP,
C3,CP_Radial_D6.3mm_P2.50mm,1,3.3Uf,
C4,C_Disc_D5.0mm_W2.5mm_P5.00mm,1,100nf,
D1,D_DO-35_SOD27_P7.62mm_Horizontal,1,1N4148,
H2,MountingHole_3mm,1,MountingHole,
J1,PinHeader_1x10_P2.54mm_Vertical,1,Conn_01x10,
J4,IDC-Header_2x05_P2.54mm_Vertical,1,Conn_02x05_Odd_Even,
J5,PinHeader_1x08_P2.54mm_Vertical,1,Conn_01x08,
"R1, R2, R3, R4, R5, R6, R7, R8",R_Axial_DIN0207_L6.3mm_D2.5mm_P10.16mm_Horizontal,8,1K,
U2,DIP-16_W7.62mm,1,74HC595,
U3,MODULE_ARDUINO_PRO_MINI,1,ARDUINO_PRO_MINI,
U4,TO-220-3_Vertical,1,L7805,
